Library 	Index Sequence 	FlowCell 	Lane 	Total Bases Kb (PF) 	Avg QScore (R1) 	Avg QScore (R2) 	% >Q30 (R1) 	% >Q30 (R2)
NWD257834-lib1 	GGTTGGTA-GGTTGGTA 	H3N5JCCXY,H3MVWCCXY,H3JNHCCXY 	1,2,3,4,5,6,7,8 	116,756,762.39 	38.79 	37.24 	94 	88
NWD396619-lib1 	GGTAACGT-GGTAACGT 	H3JLNCCXY,H3FF3CCXY,H3LWFCCXY 	1,2,3,4,5,6,7,8 	115,945,510.06 	39.3 	37.83 	96 	90
NWD789136-lib1 	GGACTACT-GGACTACT 	H3LWFCCXY,H3JLNCCXY,H3FF3CCXY 	1,2,3,4,5,6,7,8 	115,328,802.50 	39.31 	37.89 	96 	91
NWD884418-lib1 	GTAAGCAC-GTAAGCAC 	H3FF3CCXY,H3LWFCCXY,H3JLNCCXY 	1,2,3,4,5,6,7,8 	112,734,734.55 	39.25 	37.57 	95 	90
NWD233846-lib1 	GGTACTTC-GGTACTTC 	H3LWFCCXY,H3FF3CCXY,H3JLNCCXY 	1,2,3,4,5,6,7,8 	111,183,733.82 	39.28 	37.64 	95 	90
NWD748619-lib1 	AAGTCCTC-AAGTCCTC 	H3LWFCCXY,H3JLNCCXY,H3FF3CCXY 	1,2,3,4,5,6,7,8 	110,485,433.41 	39.23 	37.71 	95 	90
NWD146608-lib1 	ACTGCACT-ACTGCACT 	H3M2KCCXY,H3JLNCCXY,H3MVTCCXY 	1,2,3,4,5,6,7,8 	110,229,506.83 	38.7 	36.67 	93 	86
NWD833538-lib1 	ACCTTCGA-ACCTTCGA 	H3M2KCCXY,H3MVTCCXY,H3JLNCCXY 	1,2,3,4,5,6,7,8 	109,567,878.59 	38.73 	36.82 	94 	87
NWD932630-lib1 	GTCCTAAG-GTCCTAAG 	H3N5JCCXY,H3MVWCCXY,H3JNHCCXY 	1,2,3,4,5,6,7,8 	109,546,358.67 	38.78 	37.52 	94 	89
NWD828614-lib1 	AACAACCG-AACAACCG 	H5YNHCCXY,H73M3CCXY,H3JHNCCXY 	1,2,3,4,5,6,7,8 	106,363,184.45 	38.53 	37.51 	93 	89
NWD507538-lib1 	GGTCACTA-GGTCACTA 	H3N5JCCXY,H3MVWCCXY,H3JNHCCXY 	1,2,3,4,5,6,7,8 	106,186,757.86 	38.62 	36.82 	93 	87
NWD209906-lib1 	GGTCACTA-GGTCACTA 	H3JLNCCXY,H3FF3CCXY,H3LWFCCXY 	1,2,3,4,5,6,7,8 	105,563,839.37 	39.2 	37.61 	95 	90
NWD801520-lib1 	CTCTATCG-CTCTATCG 	H3JNHCCXY,H3M7HCCXY,H3LWMCCXY 	1,2,3,4,5,6,7,8 	105,032,693.55 	37.83 	35.48 	91 	82
